{"cameraMode":{"drawMode":0,"name":"Shaded","section":"Shading Mode"},"sceneLighting":true,"audioPlay":false,"sceneViewState":{"showFog":true,"showMaterialUpdate":false,"showSkybox":true,"showFlares":true,"showImageEffects":true,"showParticleSystems":true,"showVisualEffectGraphs":true,"m_FxEnabled":true},"in2DMode":false,"pivot":{"x":-0.06999987363815308,"y":-1.478856086730957,"z":43.119998931884769},"rotation":{"x":0.26974958181381228,"y":0.20739218592643739,"z":-0.059612829238176349,"w":0.938442587852478},"size":10.292221069335938,"orthographic":false}