{"cameraMode":{"drawMode":0,"name":"Shaded","section":"Shading Mode"},"sceneLighting":true,"audioPlay":false,"sceneViewState":{"showFog":true,"showMaterialUpdate":false,"showSkybox":true,"showFlares":true,"showImageEffects":true,"showParticleSystems":true,"showVisualEffectGraphs":true,"m_FxEnabled":true},"in2DMode":false,"pivot":{"x":2.1335320472717287,"y":0.43592697381973269,"z":-6.383005142211914},"rotation":{"x":0.26218506693840029,"y":-0.038490910083055499,"z":0.010465324856340886,"w":0.9641996026039124},"size":5.987407684326172,"orthographic":false}