{"cameraMode":{"drawMode":0,"name":"Shaded","section":"Shading Mode"},"sceneLighting":true,"audioPlay":false,"sceneViewState":{"showFog":true,"showMaterialUpdate":false,"showSkybox":true,"showFlares":true,"showImageEffects":true,"showParticleSystems":true,"showVisualEffectGraphs":true,"m_FxEnabled":true},"in2DMode":false,"pivot":{"x":0.057858556509017947,"y":0.6185541749000549,"z":-2.5493524074554445},"rotation":{"x":0.17200946807861329,"y":-0.48239830136299136,"z":0.09723349660634995,"w":0.8533770442008972},"size":4.649839401245117,"orthographic":true}