{"cameraMode":{"drawMode":0,"name":"Shaded","section":"Shading Mode"},"sceneLighting":true,"audioPlay":false,"sceneViewState":{"showFog":true,"showMaterialUpdate":false,"showSkybox":true,"showFlares":true,"showImageEffects":true,"showParticleSystems":true,"showVisualEffectGraphs":true,"m_FxEnabled":true},"in2DMode":false,"pivot":{"x":-1.5700000524520875,"y":1.0199999809265137,"z":-0.4000000059604645},"rotation":{"x":0.35316547751426699,"y":-0.42153188586235049,"z":0.18265563249588014,"w":0.8150174021720886},"size":7.067718505859375,"orthographic":true}