{"cameraMode":{"drawMode":0,"name":"Shaded","section":"Shading Mode"},"sceneLighting":true,"audioPlay":false,"sceneViewState":{"showFog":true,"showMaterialUpdate":false,"showSkybox":true,"showFlares":true,"showImageEffects":true,"showParticleSystems":true,"showVisualEffectGraphs":true,"m_FxEnabled":true},"in2DMode":false,"pivot":{"x":-0.05000019073486328,"y":-16.579999923706056,"z":31.200000762939454},"rotation":{"x":0.11847002059221268,"y":-0.7783146500587463,"z":0.15444670617580415,"w":0.5969711542129517},"size":27.682329177856447,"orthographic":true}