{"cameraMode":{"drawMode":0,"name":"Shaded","section":"Shading Mode"},"sceneLighting":true,"audioPlay":false,"sceneViewState":{"showFog":true,"showMaterialUpdate":false,"showSkybox":true,"showFlares":true,"showImageEffects":true,"showParticleSystems":true,"showVisualEffectGraphs":true,"m_FxEnabled":true},"in2DMode":false,"pivot":{"x":-0.02526617795228958,"y":0.5715562105178833,"z":-5.967654705047607},"rotation":{"x":0.031432975083589557,"y":-0.06413286179304123,"z":0.001994027988985181,"w":0.997486412525177},"size":1.193814754486084,"orthographic":true}