{"cameraMode":{"drawMode":0,"name":"Shaded","section":"Shading Mode"},"sceneLighting":true,"audioPlay":false,"sceneViewState":{"showFog":true,"showMaterialUpdate":false,"showSkybox":true,"showFlares":true,"showImageEffects":true,"showParticleSystems":true,"showVisualEffectGraphs":true,"m_FxEnabled":true},"in2DMode":false,"pivot":{"x":-0.11529125273227692,"y":0.16017204523086549,"z":-1.3376330137252808},"rotation":{"x":0.1104055866599083,"y":-0.40965229272842409,"z":0.05000997334718704,"w":0.9041794538497925},"size":2.23569655418396,"orthographic":true}