{"cameraMode":{"drawMode":0,"name":"Shaded","section":"Shading Mode"},"sceneLighting":true,"audioPlay":false,"sceneViewState":{"showFog":true,"showMaterialUpdate":false,"showSkybox":true,"showFlares":true,"showImageEffects":true,"showParticleSystems":true,"showVisualEffectGraphs":true,"m_FxEnabled":true},"in2DMode":false,"pivot":{"x":0.057858556509017947,"y":0.6185541749000549,"z":-2.6793525218963625},"rotation":{"x":0.12343008071184159,"y":0.564331591129303,"z":-0.08580861240625382,"w":0.8117499351501465},"size":6.449825763702393,"orthographic":true}