{"cameraMode":{"drawMode":0,"name":"Shaded","section":"Shading Mode"},"sceneLighting":true,"audioPlay":false,"sceneViewState":{"showFog":true,"showMaterialUpdate":false,"showSkybox":true,"showFlares":true,"showImageEffects":true,"showParticleSystems":true,"showVisualEffectGraphs":true,"m_FxEnabled":true},"in2DMode":false,"pivot":{"x":-1.0779999494552613,"y":1.7599999904632569,"z":6.882999897003174},"rotation":{"x":0.26010066270828249,"y":0.18935133516788484,"z":-0.05233070254325867,"w":0.9454945921897888},"size":4.421718597412109,"orthographic":true}