{"cameraMode":{"drawMode":0,"name":"Shaded","section":"Shading Mode"},"sceneLighting":true,"audioPlay":false,"sceneViewState":{"showFog":true,"showMaterialUpdate":false,"showSkybox":true,"showFlares":true,"showImageEffects":true,"showParticleSystems":true,"showVisualEffectGraphs":true,"m_FxEnabled":true},"in2DMode":false,"pivot":{"x":1.0799999237060547,"y":0.5499999523162842,"z":33.49490737915039},"rotation":{"x":0.21959027647972108,"y":-0.00585313281044364,"z":0.0013173059560358525,"w":0.975577175617218},"size":8.959900856018067,"orthographic":true}