{"cameraMode":{"drawMode":0,"name":"Shaded","section":"Shading Mode"},"sceneLighting":true,"audioPlay":false,"sceneViewState":{"showFog":true,"showMaterialUpdate":false,"showSkybox":true,"showFlares":true,"showImageEffects":true,"showParticleSystems":true,"showVisualEffectGraphs":true,"m_FxEnabled":true},"in2DMode":false,"pivot":{"x":40.489776611328128,"y":0.7356311082839966,"z":23.719797134399415},"rotation":{"x":0.15134739875793458,"y":-0.5868549942970276,"z":0.11280152946710587,"w":0.7873852252960205},"size":29.182363510131837,"orthographic":true}