{"cameraMode":{"drawMode":0,"name":"Shaded","section":"Shading Mode"},"sceneLighting":true,"audioPlay":false,"sceneViewState":{"showFog":true,"showMaterialUpdate":false,"showSkybox":true,"showFlares":true,"showImageEffects":true,"showParticleSystems":true,"showVisualEffectGraphs":true,"m_FxEnabled":true},"in2DMode":false,"pivot":{"x":1.6899996995925904,"y":0.3519313335418701,"z":-5.318607807159424},"rotation":{"x":0.12212826311588288,"y":-0.23379336297512055,"z":0.029614940285682679,"w":0.9641362428665161},"size":3.9036285877227785,"orthographic":true}