{"cameraMode":{"drawMode":0,"name":"Shaded","section":"Shading Mode"},"sceneLighting":true,"audioPlay":false,"sceneViewState":{"showFog":true,"showMaterialUpdate":false,"showSkybox":true,"showFlares":true,"showImageEffects":true,"showParticleSystems":true,"showVisualEffectGraphs":true,"m_FxEnabled":false},"in2DMode":false,"pivot":{"x":0.04665321111679077,"y":-15.344369888305664,"z":68.67023468017578},"rotation":{"x":0.14691688120365144,"y":-0.28210392594337466,"z":0.04375174269080162,"w":0.9470717310905457},"size":3.466317892074585,"orthographic":true}