{"cameraMode":{"drawMode":0,"name":"Shaded","section":"Shading Mode"},"sceneLighting":true,"audioPlay":false,"sceneViewState":{"showFog":true,"showMaterialUpdate":false,"showSkybox":true,"showFlares":true,"showImageEffects":true,"showParticleSystems":true,"showVisualEffectGraphs":true,"m_FxEnabled":true},"in2DMode":false,"pivot":{"x":-1.0779999494552613,"y":1.7599999904632569,"z":6.882999897003174},"rotation":{"x":0.34658414125442507,"y":0.18645282089710236,"z":-0.07065097242593765,"w":0.9166879653930664},"size":11.306280136108399,"orthographic":true}