{"cameraMode":{"drawMode":0,"name":"Shaded","section":"Shading Mode"},"sceneLighting":true,"audioPlay":false,"sceneViewState":{"showFog":true,"showMaterialUpdate":false,"showSkybox":true,"showFlares":true,"showImageEffects":true,"showParticleSystems":true,"showVisualEffectGraphs":true,"m_FxEnabled":true},"in2DMode":false,"pivot":{"x":-0.05000019073486328,"y":-0.02885603904724121,"z":106.26000213623047},"rotation":{"x":0.2275378555059433,"y":-0.40273159742355349,"z":0.1040782481431961,"w":0.8804576396942139},"size":52.88229751586914,"orthographic":true}