{"cameraMode":{"drawMode":0,"name":"Shaded","section":"Shading Mode"},"sceneLighting":true,"audioPlay":false,"sceneViewState":{"showFog":true,"showMaterialUpdate":false,"showSkybox":true,"showFlares":true,"showImageEffects":true,"showParticleSystems":true,"showVisualEffectGraphs":true,"m_FxEnabled":true},"in2DMode":false,"pivot":{"x":0.03721529245376587,"y":0.6703783273696899,"z":-2.747022867202759},"rotation":{"x":0.13381928205490113,"y":-0.17970122396945954,"z":0.024682754650712014,"w":0.9742641448974609},"size":4.727128982543945,"orthographic":true}