{"cameraMode":{"drawMode":0,"name":"Shaded","section":"Shading Mode"},"sceneLighting":true,"audioPlay":false,"sceneViewState":{"showFog":true,"showMaterialUpdate":false,"showSkybox":true,"showFlares":true,"showImageEffects":true,"showParticleSystems":true,"showVisualEffectGraphs":true,"m_FxEnabled":false},"in2DMode":false,"pivot":{"x":0.037215232849121097,"y":0.6703783273696899,"z":-2.6170225143432619},"rotation":{"x":0.13398994505405427,"y":-0.5559471249580383,"z":0.09137184172868729,"w":0.8152477741241455},"size":55.67298126220703,"orthographic":true}