{"cameraMode":{"drawMode":0,"name":"Shaded","section":"Shading Mode"},"sceneLighting":true,"audioPlay":false,"sceneViewState":{"showFog":true,"showMaterialUpdate":false,"showSkybox":true,"showFlares":true,"showImageEffects":true,"showParticleSystems":true,"showVisualEffectGraphs":true,"m_FxEnabled":true},"in2DMode":false,"pivot":{"x":0.03721529245376587,"y":0.6703783273696899,"z":-2.747022867202759},"rotation":{"x":0.16608339548110963,"y":0.2146676629781723,"z":-0.03707464039325714,"w":0.9617688059806824},"size":3.065181016921997,"orthographic":true}