{"cameraMode":{"drawMode":0,"name":"Shaded","section":"Shading Mode"},"sceneLighting":true,"audioPlay":false,"sceneViewState":{"showFog":true,"showMaterialUpdate":false,"showSkybox":true,"showFlares":true,"showImageEffects":true,"showParticleSystems":true,"showVisualEffectGraphs":true,"m_FxEnabled":true},"in2DMode":false,"pivot":{"x":44.097999572753909,"y":-28.739999771118165,"z":-0.008087158203125},"rotation":{"x":0.20819903910160066,"y":-0.2702610194683075,"z":0.059980373829603198,"w":0.9380938410758972},"size":57.87571334838867,"orthographic":true}