{"cameraMode":{"drawMode":0,"name":"Shaded","section":"Shading Mode"},"sceneLighting":true,"audioPlay":false,"sceneViewState":{"showFog":true,"showMaterialUpdate":false,"showSkybox":true,"showFlares":true,"showImageEffects":true,"showParticleSystems":true,"showVisualEffectGraphs":true,"m_FxEnabled":true},"in2DMode":false,"pivot":{"x":-3.1000003814697267,"y":0.6611437797546387,"z":1.979995608329773},"rotation":{"x":0.06890879571437836,"y":0.9230512380599976,"z":-0.19674143195152284,"w":0.3232996165752411},"size":31.056415557861329,"orthographic":true}