{"cameraMode":{"drawMode":0,"name":"Shaded","section":"Shading Mode"},"sceneLighting":true,"audioPlay":false,"sceneViewState":{"showFog":true,"showMaterialUpdate":false,"showSkybox":true,"showFlares":true,"showImageEffects":true,"showParticleSystems":true,"showVisualEffectGraphs":true,"m_FxEnabled":true},"in2DMode":false,"pivot":{"x":0.03721529245376587,"y":0.6703783273696899,"z":-2.747022867202759},"rotation":{"x":0.05831846222281456,"y":-0.07121619582176209,"z":0.0041696783155202869,"w":0.9957568645477295},"size":5.411744594573975,"orthographic":true}