{"cameraMode":{"drawMode":0,"name":"Shaded","section":"Shading Mode"},"sceneLighting":true,"audioPlay":false,"sceneViewState":{"showFog":true,"showMaterialUpdate":false,"showSkybox":true,"showFlares":true,"showImageEffects":true,"showParticleSystems":true,"showVisualEffectGraphs":true,"m_FxEnabled":true},"in2DMode":false,"pivot":{"x":-0.11529125273227692,"y":0.16017204523086549,"z":-1.3376330137252808},"rotation":{"x":0.17980346083641053,"y":0.41226571798324587,"z":-0.08335492014884949,"w":0.8892813324928284},"size":13.284024238586426,"orthographic":true}