{"cameraMode":{"drawMode":0,"name":"Shaded","section":"Shading Mode"},"sceneLighting":true,"audioPlay":false,"sceneViewState":{"showFog":true,"showMaterialUpdate":false,"showSkybox":true,"showFlares":true,"showImageEffects":true,"showParticleSystems":true,"showVisualEffectGraphs":true,"m_FxEnabled":true},"in2DMode":false,"pivot":{"x":-0.05000019073486328,"y":-12.079999923706055,"z":68.83000183105469},"rotation":{"x":0.11436620354652405,"y":0.8328428268432617,"z":-0.18746329843997956,"w":0.5080985426902771},"size":21.41554069519043,"orthographic":true}