{"cameraMode":{"drawMode":0,"name":"Shaded","section":"Shading Mode"},"sceneLighting":true,"audioPlay":false,"sceneViewState":{"showFog":true,"showMaterialUpdate":false,"showSkybox":true,"showFlares":true,"showImageEffects":true,"showParticleSystems":true,"showVisualEffectGraphs":true,"m_FxEnabled":true},"in2DMode":false,"pivot":{"x":0.014999985694885254,"y":0.32499998807907107,"z":-3.1449999809265138},"rotation":{"x":0.3261406719684601,"y":-0.21298524737358094,"z":0.075675830245018,"w":0.917902410030365},"size":14.557056427001954,"orthographic":true}