{"cameraMode":{"drawMode":0,"name":"Shaded","section":"Shading Mode"},"sceneLighting":true,"audioPlay":false,"sceneViewState":{"showFog":true,"showMaterialUpdate":false,"showSkybox":true,"showFlares":true,"showImageEffects":true,"showParticleSystems":true,"showVisualEffectGraphs":true,"m_FxEnabled":true},"in2DMode":false,"pivot":{"x":-0.059999942779541019,"y":-2.809999942779541,"z":30.459999084472658},"rotation":{"x":-0.22650201618671418,"y":0.15036426484584809,"z":-0.03541799262166023,"w":-0.961692214012146},"size":33.13972091674805,"orthographic":false}