{"cameraMode":{"drawMode":0,"name":"Shaded","section":"Shading Mode"},"sceneLighting":true,"audioPlay":false,"sceneViewState":{"showFog":true,"showMaterialUpdate":false,"showSkybox":true,"showFlares":true,"showImageEffects":true,"showParticleSystems":true,"showVisualEffectGraphs":true,"m_FxEnabled":true},"in2DMode":false,"pivot":{"x":0.014999985694885254,"y":0.32499998807907107,"z":-3.1449999809265138},"rotation":{"x":0.18456387519836427,"y":-0.3316318690776825,"z":0.06632640957832337,"w":0.9228077530860901},"size":4.9725165367126469,"orthographic":false}